author,author_flair_text,clicked,created_utc,distinguished,edited,id,is_original_content,is_self,link_flair_text,locked,name,num_comments,over_18,permalink,saved,score,selftext,spoiler,stickied,title,upvote_ratio,url
[deleted],None,None,1637698457.0,None,1637715463.0,r0m3yh,None,True,None,None,t3_r0m3yh,1580,None,/r/electricvehicles/comments/r0m3yh/i_regret_buying_a_tesla_and_i_havent_driven_a/,None,13462,"This isn't a post about charging or the lack of physical buttons. 

This is a post about a complete lack of customer service. 

I preordered a Model 3 LR three months ago. I was given a delivery window of Mid November to mid December. I got a message last week saying it was my turn to pick up my car. Sweet. They give me a choice of three days on their website to pick up the car. November 24, 25, 26. I find it a bit odd that thanksgiving they are open but I'm working on the 24th and the 26th and on such short notice I can't get out of work. So I put down delivery for the 25th. After all other stores are open on thanksgiving and the site blacked out other dates. 

I get messages from Tesla that I need to get my car insurance and pay the down payment or I won't be able to get the car. No problem. 

I pay the down payment via their app and get the insurance. I upload the proof to their app. All good. 

Then yesterday on 11/22/2021 I get a phone call at 3 pm saying that I can no longer pick up the car on 11/25 because they aren't actually open. 

Uh ok. So you tell me this after I put down the down payment and pay for the insurance. I'm a little pissed at this point but I get it. Let me pick it up another day then. And why didn't you tell me sooner?

They would only let me pick the 24th or 26th. That's it. I asked them can I pick up the car on December 2nd because I have work and can't reschedule or get someone to cover me on such short notice. Their response is ""no, we can't hold the car that long. We will give your car to someone else and you can wait another 3-4 weeks for another car to come in.""

The heck? They made the mistake. Took my money. Made me buy insurance for a car that I don't actually have and then they try to bully me into a specific delivery date on short notice? That's not fair. 

To make matters worse I try to post my story to r/teslamotors and it gets automatically deleted. I appealed it to a mod and he says ""This is not high quality content.""

Excuse me? I've never had such piss poor customer service from any car brand as I have had with this Tesla buying experience. 

I then say: ""Are we not allowed to criticize Tesla here? How much stock do you own?""

The mods response was ""How many days do you want to be banned?""

Edit:
Elon, make it right. https://twitter.com/spicy_masala1/status/1463287759523700751?s=21

Here is my exchange with the mod:

https://imgur.com/a/3KytFow

Edit 2: r/teslamotors has now permanently banned me.",None,None,I regret buying a Tesla and I haven't driven a single mile yet.,0.93,https://www.reddit.com/r/electricvehicles/comments/r0m3yh/i_regret_buying_a_tesla_and_i_havent_driven_a/
TwoTinyTrees,None,None,1665864641.0,None,None,y4xdxo,None,True,None,None,t3_y4xdxo,2129,None,/r/electricvehicles/comments/y4xdxo/i_am_kind_of_ashamed_of_owning_a_tesla_which/,None,9419,"First, just the sheer fact that I do not want to post this in a Tesla sub as to avoid backlash is representative of how I feel. Criticism is typically shunned by the Tesla fanboys, even if it is justified and unbiased. 

Second, I went with a Tesla because the technology was way above (IMO) the rest. Very much best in class, even though I feel like the outer design is a little too ‚Äúdifferent‚Äù for my taste. I‚Äôve really enjoyed driving it. But the gap is quickly closing, and some of the design decisions and manufacturing makes me scratch my head.

The ‚Äúashamed‚Äù part, however, stems from the leader of the organization. He has become so polarizing that I can‚Äôt even have a conversation with people I meet regarding my Tesla without his name coming up. It makes me feel like people are looking at me as if I share his views because I own one. I wish he would just fade into obscurity with his billions and call it a win. I cannot wait for something to pop up (maybe the Rivian R1S) that grabs my interest the way Tesla initially did.

Sorry, just a rant. Carry on.",None,None,"I am kind of ashamed of owning a Tesla, which makes me sad.",0.81,https://www.reddit.com/r/electricvehicles/comments/y4xdxo/i_am_kind_of_ashamed_of_owning_a_tesla_which/
Mixima101,None,None,1665625488.0,None,None,y2m0kg,None,True,None,None,t3_y2m0kg,2449,None,/r/electricvehicles/comments/y2m0kg/tesla_is_off_my_list/,None,8174,"I think that Tesla's are the best EVs out there currently, and I love what they've done to disrupt the car industry. I've been wanting to purchase one since the model 3 came out. That being said, I choose to buy any EV that isn't a Tesla, after Elon Musk's comments on Ukraine. I've always been on the fence about him but this was the final straw. I would buy a worse car over supporting him. Polestar it is.",None,None,Tesla is off my list,0.81,https://www.reddit.com/r/electricvehicles/comments/y2m0kg/tesla_is_off_my_list/
rwoooshed,None,None,1646669789.0,None,None,t8ss8j,None,None,Question,None,t3_t8ss8j,630,None,/r/electricvehicles/comments/t8ss8j/who_hasnt_heard_neighbors_complaining_this_weekend/,None,7195,None,None,None,Who hasn't heard neighbors complaining this weekend?,0.92,https://i.redd.it/sjakdae0lzl81.jpg
QuitYoJibbaJabba,None,None,1668028437.0,None,None,yqvrgx,None,None,Other,None,t3_yqvrgx,1165,None,/r/electricvehicles/comments/yqvrgx/can_no_longer_support_musks_buffoonery/,None,4326,None,None,None,Can no longer support Musk's buffoonery.,0.85,https://i.redd.it/yjjqz4dbrzy91.png
st11es,None,None,1626893262.0,None,None,oowa64,None,True,None,None,t3_oowa64,422,None,/r/electricvehicles/comments/oowa64/i_am_thinking_of_replacing_my_electric_car_with_a/,None,4252,"1. I have heard that petrol cars can not refuel at home while you sleep? How often do you have to refill elsewhere? Is this several times a year? Will there be a solution for refueling at home?

2. Which parts will I need service on and how often? The car salesman mentioned a box with gears in it. What is this and will I receive a warning with an indicator when I need to change gear? 

3. Can I accelerate and brake with one pedal as I do today with my electric car?

4. Do I get fuel back when I slow down or drive downhill? I assume so, but need to ask to be sure. 

5. The car I test drove seemed to have a delay from the time I pressed the accelerator pedal until it began to accelerate. Is that normal in petrol cars?

6. We currently pay about 1.2p per mile to drive our electric car. I have heard that petrol can cost up to 10 times as much so I reckon we will lose some money in the beginning. We drive about 20,000 miles a year. Let's hope more people will start using petrol so prices go down.

7. Is it true that petrol is flammable? Should I empty the tank and store the petrol somewhere else while the car is in the garage? 

8. Is there an automatic system to prevent gasoline from catching fire or exploding in an accident. What does this cost?

9. I understand that the main ingredient in petrol is oil. Is it true that the extraction and refining of oil causes environmental problems as well as conflicts and major wars that over the last 100 years have cost millions of lives? Is there a solution to these problems?

10..I have heard that cars with internal combustion based engines are being banned to enter more and more cities around the world, as it is claimed that they tend to harm the environment and health of their citizens?? Is that true??

I may have more questions later, but these are the most important ones to me at the moment.  Thank you in advance for your reply.",None,None,I am thinking of replacing my electric car with a petrol car and have some questions.,0.92,https://www.reddit.com/r/electricvehicles/comments/oowa64/i_am_thinking_of_replacing_my_electric_car_with_a/
Gonzotiki,None,None,1627075938.0,None,None,oqc1bz,None,None,Image,None,t3_oqc1bz,634,None,/r/electricvehicles/comments/oqc1bz/apparently_our_local_ford_dealer_thinks_its_okay/,None,3783,None,None,None,Apparently our local Ford dealer thinks it‚Äôs okay to add $10K in doc fees on the Mach e we ordered,0.98,https://i.redd.it/fnvfpnyl61d71.jpg
[deleted],None,None,1658067662.0,None,None,w18hnb,None,None,Video,None,t3_w18hnb,425,None,/r/electricvehicles/comments/w18hnb/rivian_does_a_quiet_tractor_pull/,None,3689,None,None,None,Rivian does a quiet tractor pull,0.97,https://v.redd.it/hhc2vdo305c91
kramdam,None,None,1622052253.0,None,None,nlncxi,None,None,Image,None,t3_nlncxi,736,None,/r/electricvehicles/comments/nlncxi/saw_this_in_nyc_today_the_new_electric_f150/,None,3617,None,None,None,Saw this in NYC today. The new electric F150.,0.97,https://www.reddit.com/gallery/nlncxi
[deleted],None,None,1658323902.0,None,None,w3mfnb,None,None,Image,None,t3_w3mfnb,783,None,/r/electricvehicles/comments/w3mfnb/owning_one_of_each_is_a_culture_shock_sometimes/,None,3558,None,None,None,Owning one of each is a culture shock sometimes,0.95,https://i.imgur.com/7UqsLl6.jpg
AymanElectrified,None,None,1620832217.0,None,None,naqzjk,None,None,Image,None,t3_naqzjk,328,None,/r/electricvehicles/comments/naqzjk/every_time_feeling/,None,3068,None,None,None,Every time feeling.,0.9,https://i.redd.it/mtqcfuotgpy61.jpg
[deleted],None,None,1659899994.0,None,None,winnec,None,None,News,None,t3_winnec,705,None,/r/electricvehicles/comments/winnec/breaking_the_senate_has_passed_democrats/,None,3045,None,None,None,BREAKING: The Senate has passed Democrats' Inflation Reduction Act. Vice President Harris cast the tie-breaking vote.,0.93,https://twitter.com/kylegriffin1/status/1556359153601449985?s=20&t=9ghKOmBRVqA2DxrxZTlkgg
Happy_Harry,2016 VW e-Golf,None,1663689860.0,None,None,xjcrtp,None,None,Spotted,None,t3_xjcrtp,441,None,/r/electricvehicles/comments/xjcrtp/why_cant_all_ccs_chargers_be_like_this_taptopay/,None,2968,None,None,None,Why can't all CCS chargers be like this? Tap-to-pay with no app needed. Easy as a gas pump.,0.98,https://i.redd.it/79drjvwke1p91.jpg
Automatic_Llama,None,None,1636476719.0,None,None,qq7vnu,None,None,Image,None,t3_qq7vnu,404,None,/r/electricvehicles/comments/qq7vnu/am_i_right_or_what/,None,2843,None,None,None,Am I right or what?,0.96,https://i.redd.it/i1n18v2snly71.png
chapinscott32,None,None,1662148666.0,None,None,x4avzz,None,None,None,None,t3_x4avzz,293,None,/r/electricvehicles/comments/x4avzz/im_19_and_worked_my_ass_off_to_make_my_first_car/,None,2777,"A friend flew from Pennsylvania (our home state) to join me, while I flew from a work trip in Virginia, both over to Missouri where the car was. We road-tripped the car back home in 2 days.

I've been absolutely loving it. No regrets making the switch.",None,None,"I'm 19 and worked my ass off to make my first car purchase electric. (2017 Premiere Chevrolet Bolt EV, fully loaded).",0.94,https://www.reddit.com/gallery/x4avzz
watchmepooptoday,Lightning Pro,None,1663161278.0,None,None,xe1ppw,None,None,News,None,t3_xe1ppw,453,None,/r/electricvehicles/comments/xe1ppw/ford_sets_new_requirements_for_dealers_to_sell/,None,2679,None,None,None,"Ford sets new requirements for dealers to sell EVs, including mandatory fast chargers and non-negotiable pricing",0.98,https://electrek.co/2022/09/14/ford-sets-new-dealers-requirements-in-order-to-sell-evs/
Kimchi_Raikkonen,None,None,1626973963.0,None,None,opibrh,None,None,Image,None,t3_opibrh,146,None,/r/electricvehicles/comments/opibrh/when_i_accelerate_hard_to_pull_out_into_a_gap_in/,None,2485,None,None,None,When I accelerate hard to pull out into a gap in traffic,0.99,https://i.redd.it/39yy570ersc71.jpg
dinozaur2020,None,None,1611612103.0,None,None,l4yrke,None,None,News,None,t3_l4yrke,368,None,/r/electricvehicles/comments/l4yrke/president_biden_will_make_entire_645k_vehicle/,None,2447,None,None,None,President Biden will make entire 645k vehicle federal fleet electric,0.97,https://electrek.co/2021/01/25/president-biden-will-make-entire-645k-vehicle-federal-fleet-electric/
Aireezzz,None,None,1613491974.0,None,None,ll75d8,None,None,Image,None,t3_ll75d8,266,None,/r/electricvehicles/comments/ll75d8/my_2002_toyota_rav4_ev_still_going_strong_19/,None,2406,None,None,None,My 2002 Toyota RAV4 EV still going strong 19 years later!,0.99,https://i.redd.it/mhjnydlg6vh61.jpg
Speculawyer,None,None,1666294394.0,None,None,y97l98,None,None,Image,None,t3_y97l98,266,None,/r/electricvehicles/comments/y97l98/smart_kid/,None,2383,None,None,None,Smart kid. üòÅ,0.93,https://i.redd.it/6w02x7q7j0v91.png
TN_BRIDGE,None,None,1613921692.0,None,None,lozfy0,None,None,Image,None,t3_lozfy0,125,None,/r/electricvehicles/comments/lozfy0/reserved_for_green_vehicles/,None,2376,None,None,None,Reserved for green vehicles,0.97,https://i.redd.it/59kg33eaoui61.jpg
samuraidogparty,Tesla Model S 100D and Kia Niro EV,None,1661097871.0,None,None,wu34sx,None,None,Image,None,t3_wu34sx,274,None,/r/electricvehicles/comments/wu34sx/my_8year_old_son_dad_look_at_that_car_it_looks/,None,2370,None,None,None,"My 8-year old son: ‚ÄúDad, look at that car! It looks like an angry beaver!‚Äù Now I can‚Äôt unsee it.",0.96,https://i.redd.it/h1oec8u9b3j91.jpg
murderedlexus,None,None,1645975931.0,None,None,t2qn1o,None,None,Video,None,t3_t2qn1o,53,None,/r/electricvehicles/comments/t2qn1o/avoid_battery_leaks_do_preventative_maintenance/,None,2346,None,None,None,"Avoid battery leaks, do preventative maintenance",0.95,https://v.redd.it/iosa73sy9ek81
kenedtsu,None,None,1640796433.0,None,None,rrcif0,None,None,Image,None,t3_rrcif0,544,None,/r/electricvehicles/comments/rrcif0/thanks_but_no_thanks/,None,2330,None,None,None,Thanks but no thanks.,0.98,https://i.redd.it/6bj18ifogi881.jpg
mafco,None,None,1670355182.0,None,None,zefow7,None,None,News,None,t3_zefow7,734,None,/r/electricvehicles/comments/zefow7/youre_being_lied_to_about_electric_cars_science/,None,2258,None,None,None,"You're Being Lied to About Electric Cars. Science has repeatedly shown EVs are better for humans, despite the meme you just retweeted. This is the crazy part. Even if you only ever burned coal to create the electricity to power EVs, that's still less CO2 than is released by burning gasoline.",0.98,https://www.motortrend.com/features/truth-about-electric-cars-ad-why-you-are-being-lied-to/amp/
AZGoofballs,None,None,1683303650.0,None,None,138tm52,None,True,Discussion,None,t3_138tm52,508,None,/r/electricvehicles/comments/138tm52/be_kind_to_new_ev_owners/,None,2233,"This weekend I made a stop at an EA station in Flagstaff AZ to charge after seeing my daughter who goes to college at NAU. I drive a 2023 EV6 and have been an EV enthusiast for years so I know that if I want the most efficient charging experience I should use the 350kw units. As I pulled in I see a beautiful 2023 BMW iX on the 150 unit with the chademo plug with the hypercharger stalls open. I pulled into my 350 and (surprise) charged on 1st attempt at full max speeds. 

The woman in the iX was on the phone and appeared very frustrated. She then got in her car and moved to the 350 next to me. She then tried multiple times to get it to work, using her app, her credit card, and eventually broke down in tears because she couldn't figure it out. Her husband has been on the phone and was yelling at her because she couldn't figure it out. I stepped over and offered to help her out. She was flustered but agreed to let me try to help her. I had her unplug and reset her EA app. Within 5 minutes I had her charging. She was essentially doing things in the wrong order and the station was timing out every time. She had been trying to charge for over 30 minutes, had trued all the stalls and couldn't figure it out.

I bring this all up to remind the folks in this sub that we need to be the facilitators of change and help anyone we see having issues getting their cars to charge. Many of the new EV owners don't really know what they're doing, and having a negative experience on their 1st charging session not at home can impact their longterm views on EVs. Be kind and help these folks whenever possible.",None,None,Be kind to new EV owners,0.97,https://www.reddit.com/r/electricvehicles/comments/138tm52/be_kind_to_new_ev_owners/
dawsonleery80,None,None,1647825218.0,None,None,tizxka,None,None,Image,None,t3_tizxka,241,None,/r/electricvehicles/comments/tizxka/amazing_marketing_on_volta_chargers/,None,2222,None,None,None,Amazing marketing on Volta chargers,0.97,https://i.redd.it/86y9b6kv0no81.jpg
Single-Middle-2966,None,None,1662123687.0,None,None,x40zan,None,None,Image,None,t3_x40zan,377,None,/r/electricvehicles/comments/x40zan/alaskan_charging_station/,None,2196,None,None,None,Alaskan Charging Station,0.96,https://i.redd.it/8zqzqwbk1gl91.jpg
Odede,None,None,1680368627.0,None,None,128s60c,None,None,Spotted,None,t3_128s60c,79,None,/r/electricvehicles/comments/128s60c/rivian_tour_truck_at_a_wildlife_conservancy_in/,None,2190,"More info about the project
http://maasaiwilderness.org/2022/10/13/mwct-goes-electric/",None,None,"Rivian, Tour Truck at a Wildlife Conservancy In Kenya",0.99,https://www.reddit.com/gallery/128s60c
ilyasgnnndmr,None,None,1662734340.0,None,None,x9x7zb,None,None,Image,None,t3_x9x7zb,166,None,/r/electricvehicles/comments/x9x7zb/maybe_a_day/,None,2151,None,None,None,maybe a day ü§î,0.95,https://i.redd.it/8urukh2vyvm91.jpg
iqlusive,None,None,1613115190.0,None,None,li69ga,None,None,Image,None,t3_li69ga,158,None,/r/electricvehicles/comments/li69ga/not_a_car_but_my_daily_driver_is_an_ev/,None,2105,None,None,None,"Not a car, but my daily driver is an EV",0.99,https://i.imgur.com/IcGQLEs.jpg
Hawkintosh,None,None,1632481091.0,None,None,puhces,None,None,Image,None,t3_puhces,153,None,/r/electricvehicles/comments/puhces/battery_swapping_on_an_urban_friendly_moped/,None,2089,None,None,None,Battery swapping on an urban friendly moped,0.99,https://i.redd.it/480wzyszuep71.gif
kingmidasbacon,None,None,1595725282.0,None,None,hxxudx,None,None,Image,None,t3_hxxudx,239,None,/r/electricvehicles/comments/hxxudx/couple_hours_before_going_in_to_buy_a_toyota/,None,2082,None,None,None,Couple hours before going in to buy a Toyota Highlander. Decided to do last minute search on autotrader and saw this 2013 Tesla Model S85 for within my price range and decided to buy it. My very first EV.,0.98,https://i.redd.it/zznre3l0p3d51.jpg
ch00f,None,None,1651960406.0,None,None,uknbuk,None,None,Spotted,None,t3_uknbuk,199,None,/r/electricvehicles/comments/uknbuk/43kw_no_grid_connection_ginkgo_petrified_forest_wa/,None,2062,None,None,None,"4.3kW. No grid connection. Ginkgo Petrified Forest, WA",0.98,https://i.redd.it/moims0hpk4y81.jpg
manual_tranny,None,None,1691671307.0,None,None,15nbggi,None,None,News,None,t3_15nbggi,1156,None,/r/electricvehicles/comments/15nbggi/disapproval_of_elon_musk_is_top_reason_tesla/,None,2028,None,None,None,"Disapproval of Elon Musk is top reason Tesla owners are selling, survey says",0.91,https://electrek.co/2023/07/27/disapproval-elon-musk-top-reason-tesla-owners-selling-survey/
[deleted],None,None,1654600494.0,None,None,v6spc7,None,None,Image,None,t3_v6spc7,624,None,/r/electricvehicles/comments/v6spc7/polestar_3_revealed/,None,2031,None,None,None,Polestar 3 revealed!,0.96,https://i.redd.it/tbr4e3x8n6491.jpg
tacocat8541,Manager of Utility EV Program/ID.4 owner,None,1608590740.0,None,None,khs7b7,None,None,Image,None,t3_khs7b7,231,None,/r/electricvehicles/comments/khs7b7/the_revolution_is_here/,None,1966,None,None,None,The rEVolution is here!,0.96,https://i.redd.it/mkflvtomcm661.jpg
linknewtab,None,None,1667900068.0,None,None,ypgys3,None,None,News,None,t3_ypgys3,287,None,/r/electricvehicles/comments/ypgys3/on_7_november_porsche_built_its_100000th_taycan/,None,1923,None,None,None,"On 7. November Porsche built its 100,000th Taycan",0.98,https://newsroom.porsche.com/.imaging/mte/porsche-templating-theme/image_1290x726/dam/pnr/2022/Products/Celebratory-vibe-surrounds-the-Taycan/Hero_Image_Taycan_100000.jpeg/jcr:content/Hero_Image_Taycan_100000.jpeg
AymanElectrified,None,None,1621668539.0,None,None,nid8l6,None,None,Image,None,t3_nid8l6,492,None,/r/electricvehicles/comments/nid8l6/happy_to_see_this_spirit_in_the_ev_market_between/,None,1919,None,None,None,Happy to see this spirit in the EV market between two CEOs with direct competition to each other.,0.96,https://i.redd.it/c8pix70njm071.jpg
dmac7210,None,None,1649006615.0,None,None,tvehxt,None,None,Image,None,t3_tvehxt,163,None,/r/electricvehicles/comments/tvehxt/ice_free_today/,None,1908,None,None,None,ICE Free Today üîã,0.96,https://i.redd.it/mqa58lirlcr81.jpg
MCMaddict,None,None,1661310766.0,None,None,ww8c2h,None,None,Image,None,t3_ww8c2h,195,None,/r/electricvehicles/comments/ww8c2h/ford_lightning_someone_backed_out_of_an_order/,None,1872,None,None,None,[ford lightning] Someone backed out of an order today and I snagged it at Msrp. Not a bad day,0.96,https://i.redd.it/582i7gxbwkj91.jpg
tyw7,None,None,1671474592.0,None,None,zpzfw3,None,None,News,None,t3_zpzfw3,942,None,/r/electricvehicles/comments/zpzfw3/tesla_buyers_are_bailing_because_of_elon_musk_the/,None,1873,None,None,None,"Tesla Buyers Are Bailing Because of Elon Musk, the 'Worst Troll'",0.91,https://www.cnet.com/tech/tesla-buyers-are-bailing-because-of-elon-musk-the-worst-troll/
murran_buchstanseger,None,None,1650760976.0,None,None,uaixm9,None,None,Video,None,t3_uaixm9,140,None,/r/electricvehicles/comments/uaixm9/this_is_exactly_what_the_oil_companies_want_you/,None,1852,None,None,None,This is exactly what the oil companies want you to think about EVs... (S14 E7),0.97,https://v.redd.it/idb97drbidv81
marcilla2882,None,None,1652583305.0,None,None,upwnxc,None,None,Spotted,None,t3_upwnxc,362,None,/r/electricvehicles/comments/upwnxc/hyundai_ioniq_5_versus_dodge_charger/,None,1839,None,None,None,Hyundai Ioniq 5 versus Dodge Charger,0.97,https://v.redd.it/lelg3tw11kz81
mafco,None,None,1679598100.0,None,None,11ztuhi,None,None,News,None,t3_11ztuhi,557,None,/r/electricvehicles/comments/11ztuhi/ive_owned_an_electric_car_for_four_months_and_not/,None,1826,None,None,None,"I've owned an electric car for four months and not used a public charger once. This is a point that doesn‚Äôt get made enough about EVs: Most of their charging happens at home. Specifically, about 80% of it, according to the DOE. The convenience is one of the most appealing parts of EV ownership.",0.96,https://www.autoblog.com/amp/2023/03/22/home-charging-challenges/
[deleted],None,None,1616682710.0,None,None,mczl9h,None,None,None,None,t3_mczl9h,589,None,/r/electricvehicles/comments/mczl9h/woke_up_to_this_after_encouraging_a_switch_to_evs/,None,1829,None,None,None,Woke up to this after encouraging a switch to EVs on a Facebook thread about high gas prices. I though getting coal rolled was bad enough?,0.99,https://i.redd.it/r89bjri7q6p61.jpg
Justupvote0307,Tesla Model 3,None,1656414070.0,None,None,vmkjc7,None,None,None,None,t3_vmkjc7,488,None,/r/electricvehicles/comments/vmkjc7/2024_hyundai_ioniq_6/,None,1800,None,None,None,2024 Hyundai Ioniq 6,0.96,https://www.reddit.com/gallery/vmkjc7
jcrckstdy,None,None,1632096119.0,None,None,prjiph,None,None,None,None,t3_prjiph,245,None,/r/electricvehicles/comments/prjiph/fresh_off_the_assembly_line/,None,1802,None,None,None,Fresh off the assembly line,0.98,https://www.reddit.com/gallery/prjiph
[deleted],None,None,1596644125.0,None,None,i489ee,None,None,Image,None,t3_i489ee,218,None,/r/electricvehicles/comments/i489ee/got_my_panda_today/,None,1802,None,None,None,Got my panda today!,0.99,https://i.imgur.com/vndM8pc.jpg
SamAtISU,None,None,1668207662.0,None,None,yspxyf,None,None,Other,None,t3_yspxyf,87,None,/r/electricvehicles/comments/yspxyf/converted_late_1950s_gas_pump_into_level_2_car/,None,1794,None,None,None,Converted late 1950‚Äôs gas pump into level 2 car charger,0.99,https://www.reddit.com/gallery/yspxyf
MacintoshDan1,None,None,1663914160.0,None,None,xlpjvm,None,None,News,None,t3_xlpjvm,321,None,/r/electricvehicles/comments/xlpjvm/may_i_present_njtransits_first_electric_bus/,None,1788,None,None,None,May I present NJTransit‚Äôs first electric bus:,0.98,https://www.reddit.com/gallery/xlpjvm
Eikido,None,None,1658434839.0,None,None,w4qog2,None,None,Image,None,t3_w4qog2,359,None,/r/electricvehicles/comments/w4qog2/this_gas_station_board_now_shows_ev_charging_price/,None,1753,None,None,None,This gas station board now shows EV charging price,0.99,https://i.redd.it/pvbjxdwpczc91.jpg
[deleted],None,None,1654810403.0,None,None,v8riuy,None,None,Spotted,None,t3_v8riuy,163,None,/r/electricvehicles/comments/v8riuy/my_rivian_found_a_friend/,None,1692,None,None,None,My Rivian found a friend.,0.97,https://www.reddit.com/gallery/v8riuy
D3qual,VW ID.3 Pro 58kWh,None,1676555987.0,None,None,113r9f9,None,None,Spotted,None,t3_113r9f9,197,None,/r/electricvehicles/comments/113r9f9/a_fresh_load_of_idbuzzs_on_their_way/,None,1681,None,None,None,A fresh load of ID.Buzz's on their way!,0.99,https://i.imgur.com/4HRIpON.jpg
Arlowemo,None,None,1619801703.0,None,None,n1y4ks,None,None,Image,None,t3_n1y4ks,144,None,/r/electricvehicles/comments/n1y4ks/amazon_all_electric_delivery_van_see_in_denver/,None,1666,None,None,None,Amazon all electric delivery van see in Denver metro area on highway,0.99,https://i.redd.it/gex148ticcw61.jpg
stealstea,None,None,1579103259.0,None,None,ep3xpk,None,None,Image,None,t3_ep3xpk,35,None,/r/electricvehicles/comments/ep3xpk/free_over_the_air_cybertruck_upgrade/,None,1672,None,None,None,Free Over The Air Cybertruck Upgrade,0.98,https://i.redd.it/ngcdv722rya41.jpg
kenypowa,None,None,1685050659.0,None,1685210481.0,13ru6m6,None,True,News,None,t3_13ru6m6,1397,None,/r/electricvehicles/comments/13ru6m6/all_ford_ev_will_have_access_to_tesla/,None,1663,"Update: Ford CEO confirmed CCS port will be removed and customers will be offered adaptor instead. https://twitter.com/matthewdr/status/1662485451717091335?s=46&t=0r1LqwuGpuahEhm7FOhmQA


Just announced by Jim Farley on Twitter with Elon. 

Also all new 2nd gen Ford EV will come with NACS (Tesla) port. Looks like CCS port will be removed.

https://twitter.com/ford/status/1661848710769266688?s=46&t=jjrK0SwhE_x8C15ygSlrbQ

https://twitter.com/matthewdr/status/1661852378512121857?s=46&t=jjrK0SwhE_x8C15ygSlrbQ",None,None,All Ford EV will have access to Tesla Supercharger network,0.98,https://www.reddit.com/r/electricvehicles/comments/13ru6m6/all_ford_ev_will_have_access_to_tesla/
Macronaut,None,None,1619870095.0,None,None,n2gw23,None,None,Image,None,t3_n2gw23,149,None,/r/electricvehicles/comments/n2gw23/the_first_production_fullyelectric_mack_truck_was/,None,1663,None,None,None,The first production fully-electric Mack truck was commissioned yesterday.,0.99,https://i.redd.it/oa1ks5quzhw61.jpg
Paper64ink,LEAF Admirer,None,1627998955.0,None,None,ox3zoc,None,None,Image,None,t3_ox3zoc,204,None,/r/electricvehicles/comments/ox3zoc/my_heart_says_plaid_my_budget_says_leaf/,None,1659,None,None,None,"My heart says Plaid, my budget says LEAF.",0.96,https://i.redd.it/k0szn9u7f5f71.jpg
DetBabyLegs,None,None,1661542433.0,None,None,wyi3mo,None,None,Advice,None,t3_wyi3mo,136,None,/r/electricvehicles/comments/wyi3mo/fyi_california_requires_manufacturers_to_cover/,None,1626,None,None,None,"FYI: California requires manufacturers to cover hybrid and EV batteries for 150,000 miles or 10 years, no matter what the manufacturer's stated warranty is",0.98,https://www.kbb.com/car-advice/hybrid-ev-battery-warranty/
evdude83,None,None,1628160648.0,None,None,oyf27k,None,None,News,None,t3_oyf27k,383,None,/r/electricvehicles/comments/oyf27k/breaking_news_biden_to_sign_executive_order/,None,1621,None,None,None,Breaking News: Biden to sign executive order setting goal of 50% EV by 2030 - We Go Electric,0.96,https://wegoelectric.net/breaking-news-biden-to-sign-executive-order-setting-goal-of-50-ev-by-2030/
gravitologist,None,None,1656775050.0,None,None,vptzfj,None,None,Image,None,t3_vptzfj,233,None,/r/electricvehicles/comments/vptzfj/took_delivery_yesterday_ford_absolutely_crushed/,None,1620,None,None,None,Took delivery yesterday! Ford absolutely crushed it with this truck. [OC],0.95,https://i.redd.it/v8eerwdb96991.jpg
RobDickinson,None,None,1621457725.0,None,None,nggtua,None,None,Image,None,t3_nggtua,911,None,/r/electricvehicles/comments/nggtua/f150_lightning_40000_230_or_300_miles_range/,None,1598,None,None,None,"F-150 Lightning, $40,000, 230 or 300 miles range, 2,000llb payload",0.97,https://i.redd.it/6eqn2qkq45071.png
[deleted],None,None,1661967274.0,None,None,x2jjsp,None,None,Image,None,t3_x2jjsp,219,None,/r/electricvehicles/comments/x2jjsp/in_case_youre_curious_what_the_inside_of_one/,None,1588,None,None,None,In case you‚Äôre curious what the inside of one looks like,0.99,https://i.redd.it/9ewc6njf43l91.jpg
broccoliflowers27,None,None,1658509231.0,None,None,w5fl9u,None,None,Image,None,t3_w5fl9u,232,None,/r/electricvehicles/comments/w5fl9u/my_dad_just_picked_up_his_f150_lightning/,None,1592,None,None,None,My dad just picked up his F-150 Lightning!,0.96,https://i.imgur.com/kfYXnyW.jpg
pelonx,None,None,1615073036.0,None,None,lzdvuv,None,None,None,None,t3_lzdvuv,97,None,/r/electricvehicles/comments/lzdvuv/rivian_amazon_van_spotted_charging_in_seattle/,None,1581,None,None,None,Rivian Amazon van spotted charging in Seattle,0.98,https://www.reddit.com/gallery/lzdvuv
[deleted],None,None,1624319253.0,None,None,o58zkj,None,None,Image,None,t3_o58zkj,94,None,/r/electricvehicles/comments/o58zkj/was_at_yellowstone_national_park_last_week_and/,None,1565,None,None,None,Was at Yellowstone National Park last week and saw these driving around.,0.99,https://www.reddit.com/gallery/o58zkj
Tzankotz,None,None,1615399037.0,None,None,m23uwh,None,None,Image,None,t3_m23uwh,156,None,/r/electricvehicles/comments/m23uwh/state_of_this_subreddit/,None,1541,None,None,None,State of this subreddit,0.93,https://i.redd.it/kn7sfh96p8m61.jpg
Justwonderingg_,None,None,1663779316.0,None,None,xkad11,None,None,Spotted,None,t3_xkad11,250,None,/r/electricvehicles/comments/xkad11/life_in_silicon_valley/,None,1545,None,None,None,Life in Silicon Valley,0.96,https://i.redd.it/avtcypgls8p91.jpg
love-EV,None,None,1617021101.0,None,None,mfojui,None,None,Image,None,t3_mfojui,119,None,/r/electricvehicles/comments/mfojui/electric_cars_being_charged_in_1907/,None,1539,None,None,None,Electric cars being charged in 1907,0.99,https://i.redd.it/juu2hhzeoyp61.jpg
vericna,None,None,1647029921.0,None,None,tbz3ll,None,None,None,None,t3_tbz3ll,148,None,/r/electricvehicles/comments/tbz3ll/volkswagen_id_buzz_in_austin/,None,1538,None,None,None,Volkswagen ID Buzz in Austin,0.99,https://i.redd.it/8eoxglr1ctm81.jpg
mockingbird-,None,None,1638895380.0,None,None,rb315d,None,None,News,None,t3_rb315d,221,None,/r/electricvehicles/comments/rb315d/10000_north_american_school_buses_will_be/,None,1539,None,None,None,"10,000 North American school buses will be converted to fully electric",0.99,https://electrek.co/2021/12/07/10000-north-american-school-buses-will-be-converted-to-fully-electric/
abdouhlili,None,None,1611961379.0,None,None,l8741c,None,None,Image,None,t3_l8741c,225,None,/r/electricvehicles/comments/l8741c/the_r1s_in_rivian_blue/,None,1522,None,None,None,The R1S in Rivian Blue.,0.98,https://i.redd.it/tcbmbux6rce61.jpg
mloDK,None,None,1628713884.0,None,None,p2lgir,None,None,Image,None,t3_p2lgir,167,None,/r/electricvehicles/comments/p2lgir/my_first_car_on_my_30th_birthday_is_also_an/,None,1520,None,None,None,My first car on my 30th birthday is also an Electric - skipping the whole gasoline generation is exciting (Ioniq 5 RWD),0.97,https://i.redd.it/iymi0a6ygsg71.jpg
jljim,None,None,1683775392.0,None,None,13ebqfe,None,None,News,None,t3_13ebqfe,249,None,/r/electricvehicles/comments/13ebqfe/electric_cars_catch_fire_less_often_than_fossil/,None,1520,None,None,None,Electric cars catch fire less often than fossil fuel cars,0.96,https://www.warpnews.org/transportation/electric-cars-catch-fire-less-often-than-fossil-fuel-cars/
GGDATLAW,None,None,1677937206.0,None,None,11hzde9,None,True,Discussion,None,t3_11hzde9,707,None,/r/electricvehicles/comments/11hzde9/electrify_america_is_preventing_electric_car/,None,1513,"Was at the Electrify America station in West Lafayette, Indiana yesterday. In a blizzard. With 30 miles of range and about 75 to drive. Station had 8 chargers. Only ONE was working and it was in use. EA call center was useless. Took hours to get a charge when it should have taken 20 minutes. Until this gets figured out, electric cars will be limited, period.",None,None,Electrify America is preventing electric car growth in US,0.92,https://www.reddit.com/r/electricvehicles/comments/11hzde9/electrify_america_is_preventing_electric_car/
ThinkingAndDriving81,None,None,1638619035.0,None,None,r8o77r,None,None,None,None,t3_r8o77r,127,None,/r/electricvehicles/comments/r8o77r/this_volvo_ad/,None,1506,None,None,None,This Volvo ad,0.98,https://v.redd.it/0v1yvvpz6i381
throughaway989899,2023 EQB 350,None,1686256414.0,None,None,144k98j,None,None,News,None,t3_144k98j,1700,None,/r/electricvehicles/comments/144k98j/gm_to_use_tesla_charging_network_and_nacs/,None,1507,None,None,None,GM to use Tesla charging network and NACS,0.97,https://www.cnbc.com/2023/06/08/gm-tesla-partner-on-ev-charging-network.html
gnaark,None,None,1615174227.0,None,None,m06rok,None,None,Image,None,t3_m06rok,271,None,/r/electricvehicles/comments/m06rok/i_just_joined_the_ev_community_guys/,None,1510,None,None,None,I just joined the EV community guys!,0.96,https://www.reddit.com/gallery/m06rok
neuroticsmurf,None,None,1693576678.0,None,None,1677vun,None,None,Other,None,t3_1677vun,384,None,/r/electricvehicles/comments/1677vun/the_sounds_of_the_streets_of_shenzhen_china_how/,None,1498,None,None,None,"The sounds of the streets of Shenzhen, China. How long do you think until American streets sound like this?",0.94,https://v.redd.it/syxbc2oxgnlb1
Vivdelong,None,None,1673286172.0,None,None,107kmem,None,None,Spotted,None,t3_107kmem,246,None,/r/electricvehicles/comments/107kmem/lafd_electric_truck/,None,1482,None,None,None,LAFD Electric Truck,1.0,https://www.reddit.com/gallery/107kmem
capt-ramius,2022 F-150 Lightning,None,1668348323.0,None,None,yu2ljo,None,None,Discussion,None,t3_yu2ljo,676,None,/r/electricvehicles/comments/yu2ljo/the_gmc_hummer_ev_uses_as_much_electricity_to/,None,1489,None,None,None,The GMC Hummer EV uses as much electricity to drive 50 miles as the average US house uses in one day‚Ä¶,0.88,https://www.reddit.com/gallery/yu2ljo
reddituser111317,None,None,1697729458.0,None,None,17blwnj,None,None,News,None,t3_17blwnj,973,None,/r/electricvehicles/comments/17blwnj/elon_musk_talks_tesla_we_dug_our_own_grave_with/,None,1482,None,None,None,Elon Musk talks Tesla: ‚ÄúWe dug our own grave with the Cybertruck‚Äù,0.94,https://arstechnica.com/cars/2023/10/elon-musk-talks-tesla-we-dug-our-own-grave-with-the-cybertruck/
WoolleySP,None,None,1633179581.0,None,None,pzuoi5,None,None,Image,None,t3_pzuoi5,176,None,/r/electricvehicles/comments/pzuoi5/good_bye_diesel_hello_electric/,None,1472,None,None,None,Good bye Diesel. Hello Electric.,0.97,https://i.redd.it/pdtgt1avb1r71.jpg
Rubes27,2019 Leaf S,None,1620689074.0,None,None,n9j5op,None,None,Image,None,t3_n9j5op,108,None,/r/electricvehicles/comments/n9j5op/i_really_havent_paid_any_attention_to_gas_prices/,None,1467,None,None,None,I really haven‚Äôt paid any attention to gas prices since buying a Leaf.,0.98,https://i.redd.it/jcrjxzz5ndy61.jpg
dregonzz,None,None,1667171331.0,None,None,yht8p1,None,None,Question,None,t3_yht8p1,526,None,/r/electricvehicles/comments/yht8p1/watching_football_today_nearly_every_commercial/,None,1464,None,None,None,"Watching football today, nearly every commercial break has Chevy promoting their EVs‚Äîall of which are impossible to purchase for over a year. Why are they spending so much on advertising something that doesn't exist? (Expanding in comments)",0.96,https://i.redd.it/ary9xynbg2x91.jpg
rimalp,None,None,1622659209.0,None,None,nqsxk9,None,None,Question,None,t3_nqsxk9,83,None,/r/electricvehicles/comments/nqsxk9/an_expert_shows_how_to_properly_get_into_a_bmw_i8/,None,1464,None,None,None,An expert shows how to properly get into a BMW i8,0.98,https://v.redd.it/45krl3hhmu271
Vital1024,None,None,1686940803.0,None,None,14b4hyj,None,None,Spotted,None,t3_14b4hyj,217,None,/r/electricvehicles/comments/14b4hyj/thought_someone_iced_the_charger_this_morning/,None,1454,Stopped for some coffee down the street and saw this. Upon further inspection saw it was an EV just getting a charge in. Pretty cool and haven‚Äôt seen anyone charge their boat at a DCFC before.,None,None,Thought someone ICE‚Äôd the charger this morning,0.99,https://www.reddit.com/gallery/14b4hyj
heybincherythatsyou,None,None,1621297962.0,None,None,newh55,None,None,Image,None,t3_newh55,227,None,/r/electricvehicles/comments/newh55/gas_can_no_longer_needed_everything_including_the/,None,1453,None,None,None,"Gas can no longer needed. Everything, including the zero turn mower, is electric.",0.97,https://i.redd.it/leh8ho1qxrz61.jpg
Westy543,Model 3,None,1593204885.0,None,None,hgfu95,None,None,Image,None,t3_hgfu95,167,None,/r/electricvehicles/comments/hgfu95/tesla_semi_spotted_on_public_roads_today_pulling/,None,1445,None,None,None,Tesla Semi spotted on public roads today pulling a hauler trailer of Teslas,0.98,https://i.imgur.com/CiOwFam.jpg
GonnaCorrectGrammar,None,None,1628530804.0,None,None,p16cpg,None,None,Image,None,t3_p16cpg,71,None,/r/electricvehicles/comments/p16cpg/finally_some_proper_signage_here_in_colorado/,None,1446,None,None,None,Finally some proper signage here in Colorado,0.98,https://i.redd.it/8lx6s97ocdg71.jpg
palowarrior38,None,None,1621484683.0,None,None,ngqmpr,None,None,Image,None,t3_ngqmpr,439,None,/r/electricvehicles/comments/ngqmpr/this_is_me/,None,1450,None,None,None,This is me,0.94,https://i.redd.it/tghupf0yc7071.jpg
Smuugs,'22 Tesla Model Y LR,None,1627319233.0,None,None,os35hg,None,None,News,None,t3_os35hg,296,None,/r/electricvehicles/comments/os35hg/toyota_is_quietly_pushing_congress_to_slow_the/,None,1442,None,None,None,Toyota is quietly pushing Congress to slow the shift to electric vehicles,0.98,https://www.theverge.com/2021/7/26/22594235/toyota-lobbying-dc-ev-congress-biden-donation
skididapapa,Zeekr 001| Hiphi Z  ,None,1630158215.0,None,None,pda09k,None,None,Image,None,t3_pda09k,122,None,/r/electricvehicles/comments/pda09k/porsche_taycan_in_a_color_and_wheel_combo_that/,None,1441,None,None,None,Porsche Taycan in a color and wheel combo that makes it look like a 2005 rental car,0.97,https://i.redd.it/r3okpmssr3k71.jpg
guerrillageek,None,None,1560334286.0,None,None,bzpdp3,None,None,None,None,t3_bzpdp3,218,None,/r/electricvehicles/comments/bzpdp3/they_tried_to_charge_a_tyre/,None,1442,None,None,None,They tried to charge a tyre!,0.99,https://v.redd.it/bk2oiar9hw331
Trenavix,None,None,1621724209.0,None,None,niuaqc,None,None,Image,None,t3_niuaqc,71,None,/r/electricvehicles/comments/niuaqc/6_months_ago_my_selfbuilt_electric_motorcycle_was/,None,1424,None,None,None,"6 months ago my self-built electric motorcycle was stolen. I then built its successor, with over twice the range and power. Today, I finally retrieved the stolen bike!",0.99,https://i.redd.it/wyk1s6c65r071.jpg
mafco,None,None,1675268849.0,None,None,10qywsc,None,None,News,None,t3_10qywsc,359,None,/r/electricvehicles/comments/10qywsc/scoop_bidens_ev_surprise_the_biden/,None,1419,None,None,None,Scoop: Biden's EV surprise. The Biden administration's plan to jump-start a domestic supply chain for EVs is on track to shatter expectations. Companies announced more than $73 billion in planned US battery plants in 2022 alone.,0.98,https://www.axios.com/2023/02/01/electric-car-ev-tax-incentives-biden
ChargeLI,23' Tesla Model Y LR - Lectric XP v1,None,1656201897.0,None,None,vkrxyr,None,None,Spotted,None,t3_vkrxyr,119,None,/r/electricvehicles/comments/vkrxyr/iridescentwrapped_ioniq_5_that_i_spotted_leaving/,None,1418,None,None,None,"Iridescent-wrapped Ioniq 5 that I spotted leaving a bagel shop in Centereach, NY",0.98,https://i.imgur.com/RjB8Tku.jpg
WestCoastTrawler,None,None,1637455412.0,None,None,qyj20j,None,None,Image,None,t3_qyj20j,144,None,/r/electricvehicles/comments/qyj20j/evs_cant_handle_the_cold_or_extreme_conditions/,None,1417,None,None,None,‚ÄúEVs can‚Äôt handle the cold or extreme conditions!!‚Äù,0.96,https://i.redd.it/aimf8374iu081.jpg
MelodicBerries,None,None,1574517155.0,None,None,e0i3u5,None,None,Image,None,t3_e0i3u5,206,None,/r/electricvehicles/comments/e0i3u5/the_difference/,None,1410,None,None,None,The difference,0.96,https://i.redd.it/c5jsu1scyf041.jpg
